Model,Accuracy,Precision,Recall,F1-Score,Training Time,Testing Time
GaussianNB,0.7255439924314097,0.2922455651170617,0.6937121990186009,0.41124340414017047,0.12449502944946289,0.02888178825378418
MultinomialNB,0.8481236203090508,0.4016745870106359,0.2025562022138537,0.2693066302533758,0.03625011444091797,0.005131721496582031
BernoulliNB,0.8330810469883317,0.37156545019022125,0.30092434097911674,0.33253467843631784,0.1331160068511963,0.026311159133911133
